id,ap_id,latitude,longitude,timestamp
0,2299,27.715090000000004,85.310335,2019-07-01 00:02:30.000000
1,2299,27.715090000000004,85.310335,2019-07-01 00:03:05.000000
2,2299,27.715813,85.310007,2019-07-01 00:04:43.000000
3,2299,27.715884,85.310018,2019-01-07 00:04:48.444444
4,2299,27.716409,85.310051,2019-01-07 00:04:53.888888
5,2299,27.716741,85.310214,2019-01-07 00:04:59.333333
6,2299,27.716551,85.310767,2019-01-07 00:05:04.777777
7,2299,27.716501,85.310822,2019-01-07 00:05:10.222222
8,2299,27.716254,85.310827,2019-01-07 00:05:15.666666
9,2299,27.716013,85.311607,2019-01-07 00:05:21.111111
10,2299,27.715156,85.311425,2019-01-07 00:05:26.555555
11,2299,27.715090000000004,85.310335,2019-07-01 00:04:43.000000
12,2299,27.714572,85.311282,2019-07-01 00:05:32.000000
13,2299,27.715156,85.311425,2019-01-07 00:05:33.230769
14,2299,27.715882,85.311572,2019-01-07 00:05:34.461538
15,2299,27.71579,85.312034,2019-01-07 00:05:35.692307
16,2299,27.716152,85.312111,2019-01-07 00:05:36.923076
17,2299,27.71612,85.312325,2019-01-07 00:05:38.153846
18,2299,27.715945,85.312985,2019-01-07 00:05:39.384615
19,2299,27.715839,85.31288,2019-01-07 00:05:40.615384
20,2299,27.715453,85.312735,2019-01-07 00:05:41.846153
21,2299,27.714962,85.31261,2019-01-07 00:05:43.076923
22,2299,27.71421,85.312446,2019-01-07 00:05:44.307692
23,2299,27.713778,85.315014,2019-01-07 00:05:45.538461
24,2299,27.71374,85.315201,2019-01-07 00:05:46.769230
25,2299,27.714551,85.31124100000002,2019-07-01 00:05:32.000000
26,2299,27.713678,85.315382,2019-07-01 00:05:48.000000
27,2299,27.713317,85.317316,2019-01-07 00:05:49.944444
28,2299,27.713241,85.317661,2019-01-07 00:05:51.888888
29,2299,27.713212,85.317892,2019-01-07 00:05:53.833333
30,2299,27.711943,85.317684,2019-01-07 00:05:55.777777
31,2299,27.711138,85.317575,2019-01-07 00:05:57.722222
32,2299,27.710154,85.317408,2019-01-07 00:05:59.666666
33,2299,27.710043,85.317432,2019-01-07 00:06:01.611111
34,2299,27.71001,85.317448,2019-01-07 00:06:03.555555
35,2299,27.709944,85.317446,2019-01-07 00:06:05.499999
36,2299,27.709876,85.317381,2019-01-07 00:06:07.444444
37,2299,27.709867,85.317354,2019-01-07 00:06:09.388888
38,2299,27.709485,85.317181,2019-01-07 00:06:11.333333
39,2299,27.709027,85.31708,2019-01-07 00:06:13.277777
40,2299,27.706219,85.316299,2019-01-07 00:06:15.222222
41,2299,27.706386,85.315964,2019-01-07 00:06:17.166666
42,2299,27.706959,85.314531,2019-01-07 00:06:19.111111
43,2299,27.707064,85.314225,2019-01-07 00:06:21.055555
44,2299,27.713587,85.315428,2019-07-01 00:05:48.000000
45,2299,27.707818,85.314495,2019-07-01 00:06:09.000000
46,2299,27.707846,85.314291,2019-07-01 00:06:23.000000
47,2299,27.708406,85.314321,2019-01-07 00:06:25.238095
48,2299,27.708474,85.314336,2019-01-07 00:06:27.476190
49,2299,27.708532,85.314386,2019-01-07 00:06:29.714285
50,2299,27.708588,85.314482,2019-01-07 00:06:31.952380
51,2299,27.708675,85.3147,2019-01-07 00:06:34.190476
52,2299,27.708785,85.315278,2019-01-07 00:06:36.428571
53,2299,27.70895,85.315846,2019-01-07 00:06:38.666666
54,2299,27.709179,85.316518,2019-01-07 00:06:40.904761
55,2299,27.709263,85.316719,2019-01-07 00:06:43.142857
56,2299,27.709247,85.31693,2019-01-07 00:06:45.380952
57,2299,27.709178,85.317026,2019-01-07 00:06:47.619047
58,2299,27.709122,85.317065,2019-01-07 00:06:49.857142
59,2299,27.709027,85.31708,2019-01-07 00:06:52.095238
60,2299,27.706738,85.316449,2019-01-07 00:06:54.333333
61,2299,27.706219,85.316299,2019-01-07 00:06:56.571428
62,2299,27.706029,85.316227,2019-01-07 00:06:58.809523
63,2299,27.70386,85.316367,2019-01-07 00:07:01.047619
64,2299,27.703641,85.316367,2019-01-07 00:07:03.285714
65,2299,27.703423,85.316396,2019-01-07 00:07:05.523809
66,2299,27.702447,85.316437,2019-01-07 00:07:07.761904
67,2299,27.707818,85.314495,2019-07-01 00:06:23.000000
68,2299,27.699957,85.316625,2019-07-01 00:07:10.000000
69,2299,27.699867,85.316577,2019-01-07 00:07:11.000000
70,2299,27.699691,85.316423,2019-01-07 00:07:12.000000
71,2299,27.699467,85.31633,2019-01-07 00:07:13.000000
72,2299,27.699425,85.316273,2019-01-07 00:07:14.000000
73,2299,27.699375,85.316125,2019-01-07 00:07:15.000000
74,2299,27.699563,85.315278,2019-01-07 00:07:16.000000
75,2299,27.699513,85.315264,2019-01-07 00:07:17.000000
76,2299,27.699451,85.315217,2019-01-07 00:07:18.000000
77,2299,27.699403,85.315142,2019-01-07 00:07:19.000000
78,2299,27.699382,85.31505,2019-01-07 00:07:20.000000
79,2299,27.69939,85.314971,2019-01-07 00:07:21.000000
80,2299,27.69942,85.314894,2019-01-07 00:07:22.000000
81,2299,27.699577,85.314729,2019-01-07 00:07:23.000000
82,2299,27.699624,85.314616,2019-01-07 00:07:24.000000
83,2299,27.699799,85.313752,2019-01-07 00:07:25.000000
84,2299,27.699794,85.313677,2019-01-07 00:07:26.000000
85,2299,27.699747,85.31356,2019-01-07 00:07:27.000000
86,2299,27.699604,85.313437,2019-01-07 00:07:28.000000
87,2299,27.698216,85.313335,2019-01-07 00:07:29.000000
88,2299,27.698125,85.313343,2019-01-07 00:07:30.000000
89,2299,27.693429,85.313845,2019-07-01 00:07:10.000000
90,2299,27.697959,85.313395,2019-07-01 00:07:31.000000
91,2299,27.697761,85.313489,2019-01-07 00:07:32.615384
92,2299,27.697172,85.313714,2019-01-07 00:07:34.230769
93,2299,27.696737,85.313792,2019-01-07 00:07:35.846153
94,2299,27.694872,85.314059,2019-01-07 00:07:37.461538
95,2299,27.694198,85.314139,2019-01-07 00:07:39.076923
96,2299,27.694029,85.314187,2019-01-07 00:07:40.692307
97,2299,27.693952,85.314233,2019-01-07 00:07:42.307692
98,2299,27.693887,85.314309,2019-01-07 00:07:43.923076
99,2299,27.693796,85.314324,2019-01-07 00:07:45.538461
100,2299,27.693752,85.314307,2019-01-07 00:07:47.153846
101,2299,27.693688,85.314228,2019-01-07 00:07:48.769230
102,2299,27.693677,85.314176,2019-01-07 00:07:50.384615
103,2299,27.693429,85.313845,2019-07-01 00:07:31.000000
104,2299,27.69369,85.314093,2019-07-01 00:07:52.000000
105,2299,27.693741,85.314027,2019-01-07 00:08:01.250000
106,2299,27.693781,85.31394,2019-01-07 00:08:10.500000
107,2299,27.693882,85.313677,2019-01-07 00:08:19.750000
108,2299,27.694102,85.312739,2019-01-07 00:08:29.000000
109,2299,27.694292,85.312107,2019-01-07 00:08:38.250000
110,2299,27.694977,85.310306,2019-01-07 00:08:47.500000
111,2299,27.695523,85.309035,2019-01-07 00:08:56.750000
112,2299,27.693429,85.313845,2019-07-01 00:07:52.000000
113,2299,27.695688,85.30826,2019-07-01 00:08:10.000000
114,2299,27.695862,85.308242,2019-07-01 00:09:06.000000
115,2299,27.696056,85.307723,2019-01-07 00:09:06.904761
116,2299,27.696353,85.306606,2019-01-07 00:09:07.809523
117,2299,27.696572,85.305846,2019-01-07 00:09:08.714285
118,2299,27.696687,85.305568,2019-01-07 00:09:09.619047
119,2299,27.697254,85.304578,2019-01-07 00:09:10.523809
120,2299,27.697712,85.303707,2019-01-07 00:09:11.428571
121,2299,27.697837,85.30338,2019-01-07 00:09:12.333333
122,2299,27.697953,85.302854,2019-01-07 00:09:13.238095
123,2299,27.698202,85.302944,2019-01-07 00:09:14.142857
124,2299,27.698661,85.303068,2019-01-07 00:09:15.047619
125,2299,27.699935,85.303056,2019-01-07 00:09:15.952380
126,2299,27.700721,85.302937,2019-01-07 00:09:16.857142
127,2299,27.701381,85.302868,2019-01-07 00:09:17.761904
128,2299,27.701632,85.302827,2019-01-07 00:09:18.666666
129,2299,27.701891,85.302744,2019-01-07 00:09:19.571428
130,2299,27.70159,85.301947,2019-01-07 00:09:20.476190
131,2299,27.701578,85.301883,2019-01-07 00:09:21.380952
132,2299,27.701819,85.301832,2019-01-07 00:09:22.285714
133,2299,27.70239,85.301865,2019-01-07 00:09:23.190476
134,2299,27.702558,85.301854,2019-01-07 00:09:24.095238
135,2299,27.695688,85.30826,2019-07-01 00:09:06.000000
136,2299,27.702686,85.301871,2019-07-01 00:09:25.000000
137,2299,27.702858,85.301858,2019-01-07 00:09:25.904761
138,2299,27.703162,85.301782,2019-01-07 00:09:26.809523
139,2299,27.703872,85.30166,2019-01-07 00:09:27.714285
140,2299,27.704197,85.301629,2019-01-07 00:09:28.619047
141,2299,27.704821,85.301608,2019-01-07 00:09:29.523809
142,2299,27.705242,85.301615,2019-01-07 00:09:30.428571
143,2299,27.706066,85.301741,2019-01-07 00:09:31.333333
144,2299,27.706933,85.301837,2019-01-07 00:09:32.238095
145,2299,27.707633,85.302103,2019-01-07 00:09:33.142857
146,2299,27.70784,85.302167,2019-01-07 00:09:34.047619
147,2299,27.708457,85.302307,2019-01-07 00:09:34.952380
148,2299,27.708874,85.302371,2019-01-07 00:09:35.857142
149,2299,27.708818,85.302894,2019-01-07 00:09:36.761904
150,2299,27.708795,85.30299,2019-01-07 00:09:37.666666
151,2299,27.709135,85.303082,2019-01-07 00:09:38.571428
152,2299,27.709411,85.303186,2019-01-07 00:09:39.476190
153,2299,27.709677,85.303209,2019-01-07 00:09:40.380952
154,2299,27.709828,85.30319,2019-01-07 00:09:41.285714
155,2299,27.710425,85.302944,2019-01-07 00:09:42.190476
156,2299,27.710655,85.302902,2019-01-07 00:09:43.095238
157,2299,27.702998,85.301746,2019-07-01 00:09:25.000000
158,2299,27.7114,85.302718,2019-07-01 00:09:44.000000
159,2299,27.712408,85.302554,2019-01-07 00:09:46.095238
160,2299,27.712574,85.30254,2019-01-07 00:09:48.190476
161,2299,27.713405,85.302583,2019-01-07 00:09:50.285714
162,2299,27.713726,85.302721,2019-01-07 00:09:52.380952
163,2299,27.713705,85.302516,2019-01-07 00:09:54.476190
164,2299,27.713648,85.301825,2019-01-07 00:09:56.571428
165,2299,27.713643,85.301442,2019-01-07 00:09:58.666666
166,2299,27.713666,85.301125,2019-01-07 00:10:00.761904
167,2299,27.713632,85.301073,2019-01-07 00:10:02.857142
168,2299,27.713209,85.30083,2019-01-07 00:10:04.952380
169,2299,27.712633,85.300722,2019-01-07 00:10:07.047619
170,2299,27.712616,85.300708,2019-01-07 00:10:09.142857
171,2299,27.712601,85.300644,2019-01-07 00:10:11.238095
172,2299,27.712627,85.300383,2019-01-07 00:10:13.333333
173,2299,27.712656,85.300216,2019-01-07 00:10:15.428571
174,2299,27.712677,85.300183,2019-01-07 00:10:17.523809
175,2299,27.713086,85.300129,2019-01-07 00:10:19.619047
176,2299,27.713198,85.300072,2019-01-07 00:10:21.714285
177,2299,27.713293,85.3,2019-01-07 00:10:23.809523
178,2299,27.713407,85.29987,2019-01-07 00:10:25.904761
179,2299,27.713554,85.302479,2019-07-01 00:09:44.000000
180,2299,27.713653,85.29976,2019-07-01 00:10:28.000000
181,2299,27.713694,85.299714,2019-01-07 00:10:29.000000
182,2299,27.7137,85.299646,2019-01-07 00:10:30.000000
183,2299,27.713503,85.298925,2019-01-07 00:10:31.000000
184,2299,27.713491,85.298503,2019-01-07 00:10:32.000000
185,2299,27.713537,85.298035,2019-01-07 00:10:33.000000
186,2299,27.713658,85.297476,2019-01-07 00:10:34.000000
187,2299,27.713755,85.296941,2019-01-07 00:10:35.000000
188,2299,27.71379,85.296826,2019-01-07 00:10:36.000000
189,2299,27.713836,85.296742,2019-01-07 00:10:37.000000
190,2299,27.713898,85.296679,2019-01-07 00:10:38.000000
191,2299,27.714068,85.296558,2019-01-07 00:10:39.000000
192,2299,27.714136,85.296486,2019-01-07 00:10:40.000000
193,2299,27.714177,85.296393,2019-01-07 00:10:41.000000
194,2299,27.714233,85.295815,2019-01-07 00:10:42.000000
195,2299,27.714342,85.293497,2019-01-07 00:10:43.000000
196,2299,27.714359,85.293407,2019-01-07 00:10:44.000000
197,2299,27.71415,85.293285,2019-01-07 00:10:45.000000
198,2299,27.714002,85.293158,2019-01-07 00:10:46.000000
199,2299,27.713469,85.298376,2019-07-01 00:10:28.000000
200,2299,27.713902,85.293049,2019-07-01 00:10:47.000000
201,2299,27.713836,85.292933,2019-01-07 00:10:47.833333
202,2299,27.713762,85.292753,2019-01-07 00:10:48.666666
203,2299,27.713459,85.291545,2019-01-07 00:10:49.499999
204,2299,27.713331,85.291171,2019-01-07 00:10:50.333333
205,2299,27.713158,85.290781,2019-01-07 00:10:51.166666
206,2299,27.712971,85.290254,2019-01-07 00:10:51.999999
207,2299,27.71286,85.289987,2019-01-07 00:10:52.833333
208,2299,27.712863,85.289897,2019-01-07 00:10:53.666666
209,2299,27.712886,85.289826,2019-01-07 00:10:54.499999
210,2299,27.712979,85.289653,2019-01-07 00:10:55.333333
211,2299,27.713158,85.289586,2019-01-07 00:10:56.166666
212,2299,27.71338,85.2894,2019-01-07 00:10:56.999999
213,2299,27.713691,85.289193,2019-01-07 00:10:57.833333
214,2299,27.714277,85.28888,2019-01-07 00:10:58.666666
215,2299,27.714469,85.288726,2019-01-07 00:10:59.499999
216,2299,27.714673,85.288503,2019-01-07 00:11:00.333333
217,2299,27.714781,85.288335,2019-01-07 00:11:01.166666
218,2299,27.713949,85.292982,2019-07-01 00:10:47.000000
219,2299,27.714909,85.287735,2019-07-01 00:11:02.000000
220,2299,27.715078,85.287204,2019-01-07 00:11:06.272727
221,2299,27.715203,85.286964,2019-01-07 00:11:10.545454
222,2299,27.715246,85.286915,2019-01-07 00:11:14.818181
223,2299,27.715309,85.286879,2019-01-07 00:11:19.090909
224,2299,27.715497,85.286864,2019-01-07 00:11:23.363636
225,2299,27.715533,85.286879,2019-01-07 00:11:27.636363
226,2299,27.715565,85.286944,2019-01-07 00:11:31.909090
227,2299,27.715561,85.287005,2019-01-07 00:11:36.181818
228,2299,27.715457,85.287265,2019-01-07 00:11:40.454545
229,2299,27.715364,85.287667,2019-01-07 00:11:44.727272
230,2299,27.715336,85.28799000000002,2019-07-01 00:11:02.000000
231,2299,27.715348,85.287917,2019-07-01 00:11:49.000000
232,2299,27.715366,85.288221,2019-01-07 00:11:51.000000
233,2299,27.715429,85.288431,2019-01-07 00:11:53.000000
234,2299,27.715507,85.288609,2019-01-07 00:11:55.000000
235,2299,27.715758,85.288959,2019-01-07 00:11:57.000000
236,2299,27.715336,85.28799000000002,2019-07-01 00:11:49.000000
237,2299,27.715592,85.289353,2019-07-01 00:11:52.000000
238,2299,27.715805,85.289052,2019-07-01 00:11:59.000000
239,2299,27.715592,85.289353,2019-07-01 00:11:59.000000
240,3233,28.200453000000003,83.944298,2019-07-01 00:04:12.000000
241,3233,28.200453000000003,83.944298,2019-07-01 00:04:16.000000
242,3233,28.200453000000003,83.944298,2019-07-01 00:04:19.000000
243,3233,28.200453000000003,83.944298,2019-07-01 00:04:24.000000
244,3233,28.200401,83.944261,2019-07-01 00:04:26.000000
245,3233,28.200468,83.944104,2019-01-07 00:04:26.625000
246,3233,28.200407,83.943719,2019-01-07 00:04:27.250000
247,3233,28.200336,83.943345,2019-01-07 00:04:27.875000
248,3233,28.200344,83.943306,2019-01-07 00:04:28.500000
249,3233,28.200362,83.943289,2019-01-07 00:04:29.125000
250,3233,28.200406,83.943286,2019-01-07 00:04:29.750000
251,3233,28.200449,83.943325,2019-01-07 00:04:30.375000
252,3233,28.20053,83.943511,2019-01-07 00:04:31.000000
253,3233,28.200623,83.943819,2019-01-07 00:04:31.625000
254,3233,28.200666,83.943834,2019-01-07 00:04:32.250000
255,3233,28.200704,83.943803,2019-01-07 00:04:32.875000
256,3233,28.200726,83.943749,2019-01-07 00:04:33.500000
257,3233,28.200669,83.943446,2019-01-07 00:04:34.125000
258,3233,28.200667,83.943342,2019-01-07 00:04:34.750000
259,3233,28.200625,83.943217,2019-01-07 00:04:35.375000
260,3233,28.200533,83.943087,2019-01-07 00:04:36.000000
261,3233,28.200469,83.942935,2019-01-07 00:04:36.625000
262,3233,28.200383,83.94247,2019-01-07 00:04:37.250000
263,3233,28.200394,83.942272,2019-01-07 00:04:37.875000
264,3233,28.200476,83.941997,2019-01-07 00:04:38.500000
265,3233,28.200475,83.941931,2019-01-07 00:04:39.125000
266,3233,28.200409,83.941751,2019-01-07 00:04:39.750000
267,3233,28.200278,83.94155,2019-01-07 00:04:40.375000
268,3233,28.200181,83.9415,2019-01-07 00:04:41.000000
269,3233,28.200026,83.941451,2019-01-07 00:04:41.625000
270,3233,28.199992,83.941416,2019-01-07 00:04:42.250000
271,3233,28.199989,83.941343,2019-01-07 00:04:42.875000
272,3233,28.200008,83.941296,2019-01-07 00:04:43.500000
273,3233,28.200333,83.941088,2019-01-07 00:04:44.125000
274,3233,28.200675,83.940911,2019-01-07 00:04:44.750000
275,3233,28.201056,83.940744,2019-01-07 00:04:45.375000
276,3233,28.201302,83.945309,2019-07-01 00:04:26.000000
277,3233,28.201404,83.940688,2019-07-01 00:04:46.000000
278,3233,28.201538,83.940578,2019-01-07 00:04:46.555555
279,3233,28.201559,83.940754,2019-01-07 00:04:47.111111
280,3233,28.20136,83.941265,2019-01-07 00:04:47.666666
281,3233,28.201367,83.941368,2019-01-07 00:04:48.222222
282,3233,28.20139,83.941468,2019-01-07 00:04:48.777777
283,3233,28.201403,83.941684,2019-01-07 00:04:49.333333
284,3233,28.20145,83.941758,2019-01-07 00:04:49.888888
285,3233,28.201442,83.941907,2019-01-07 00:04:50.444444
286,3233,28.20155,83.94213,2019-01-07 00:04:50.999999
287,3233,28.201708,83.942363,2019-01-07 00:04:51.555555
288,3233,28.201708,83.942446,2019-01-07 00:04:52.111111
289,3233,28.201603,83.942669,2019-01-07 00:04:52.666666
290,3233,28.201624,83.942759,2019-01-07 00:04:53.222222
291,3233,28.201617,83.942872,2019-01-07 00:04:53.777777
292,3233,28.201521,83.942932,2019-01-07 00:04:54.333333
293,3233,28.201431,83.943045,2019-01-07 00:04:54.888888
294,3233,28.201394,83.943127,2019-01-07 00:04:55.444444
295,3233,28.201448,83.94063,2019-07-01 00:04:46.000000
296,3233,28.201211,83.94327,2019-07-01 00:04:56.000000
297,3233,28.201144,83.943429,2019-01-07 00:04:56.085106
298,3233,28.201108,83.943638,2019-01-07 00:04:56.170212
299,3233,28.20114,83.943743,2019-01-07 00:04:56.255319
300,3233,28.201133,83.943849,2019-01-07 00:04:56.340425
301,3233,28.201162,83.94406,2019-01-07 00:04:56.425531
302,3233,28.201263,83.944239,2019-01-07 00:04:56.510638
303,3233,28.201452,83.94442,2019-01-07 00:04:56.595744
304,3233,28.201551,83.944738,2019-01-07 00:04:56.680851
305,3233,28.201531,83.944853,2019-01-07 00:04:56.765957
306,3233,28.201426,83.944999,2019-01-07 00:04:56.851063
307,3233,28.201282,83.945158,2019-01-07 00:04:56.936170
308,3233,28.201226,83.945247,2019-01-07 00:04:57.021276
309,3233,28.201282,83.945158,2019-01-07 00:04:57.106382
310,3233,28.201426,83.944999,2019-01-07 00:04:57.191489
311,3233,28.201531,83.944853,2019-01-07 00:04:57.276595
312,3233,28.201551,83.944738,2019-01-07 00:04:57.361702
313,3233,28.201452,83.94442,2019-01-07 00:04:57.446808
314,3233,28.201263,83.944239,2019-01-07 00:04:57.531914
315,3233,28.201162,83.94406,2019-01-07 00:04:57.617021
316,3233,28.201133,83.943849,2019-01-07 00:04:57.702127
317,3233,28.20114,83.943743,2019-01-07 00:04:57.787234
318,3233,28.201108,83.943638,2019-01-07 00:04:57.872340
319,3233,28.201144,83.943429,2019-01-07 00:04:57.957446
320,3233,28.201211,83.94327,2019-01-07 00:04:58.042553
321,3233,28.201394,83.943127,2019-01-07 00:04:58.127659
322,3233,28.201431,83.943045,2019-01-07 00:04:58.212765
323,3233,28.201521,83.942932,2019-01-07 00:04:58.297872
324,3233,28.201617,83.942872,2019-01-07 00:04:58.382978
325,3233,28.201624,83.942759,2019-01-07 00:04:58.468085
326,3233,28.201603,83.942669,2019-01-07 00:04:58.553191
327,3233,28.201708,83.942446,2019-01-07 00:04:58.638297
328,3233,28.201708,83.942363,2019-01-07 00:04:58.723404
329,3233,28.20155,83.94213,2019-01-07 00:04:58.808510
330,3233,28.201442,83.941907,2019-01-07 00:04:58.893616
331,3233,28.20145,83.941758,2019-01-07 00:04:58.978723
332,3233,28.201403,83.941684,2019-01-07 00:04:59.063829
333,3233,28.20139,83.941468,2019-01-07 00:04:59.148936
334,3233,28.201367,83.941368,2019-01-07 00:04:59.234042
335,3233,28.20136,83.941265,2019-01-07 00:04:59.319148
336,3233,28.201559,83.940754,2019-01-07 00:04:59.404255
337,3233,28.201538,83.940578,2019-01-07 00:04:59.489361
338,3233,28.201404,83.940688,2019-01-07 00:04:59.574468
339,3233,28.201056,83.940744,2019-01-07 00:04:59.659574
340,3233,28.200675,83.940911,2019-01-07 00:04:59.744680
341,3233,28.200333,83.941088,2019-01-07 00:04:59.829787
342,3233,28.200008,83.941296,2019-01-07 00:04:59.914893
343,3233,28.198592,83.94221800000003,2019-07-01 00:04:56.000000
344,3233,28.199989,83.941343,2019-07-01 00:05:00.000000
345,3233,28.199992,83.941416,2019-01-07 00:05:20.882352
346,3233,28.200026,83.941451,2019-01-07 00:05:41.764705
347,3233,28.200181,83.9415,2019-01-07 00:06:02.647058
348,3233,28.200278,83.94155,2019-01-07 00:06:23.529411
349,3233,28.200409,83.941751,2019-01-07 00:06:44.411764
350,3233,28.200475,83.941931,2019-01-07 00:07:05.294117
351,3233,28.200476,83.941997,2019-01-07 00:07:26.176470
352,3233,28.200394,83.942272,2019-01-07 00:07:47.058823
353,3233,28.200383,83.94247,2019-01-07 00:08:07.941176
354,3233,28.200469,83.942935,2019-01-07 00:08:28.823529
355,3233,28.200533,83.943087,2019-01-07 00:08:49.705882
356,3233,28.200625,83.943217,2019-01-07 00:09:10.588235
357,3233,28.200667,83.943342,2019-01-07 00:09:31.470588
358,3233,28.200669,83.943446,2019-01-07 00:09:52.352941
359,3233,28.200726,83.943749,2019-01-07 00:10:13.235294
360,3233,28.200704,83.943803,2019-01-07 00:10:34.117647
361,3233,28.195342,83.939542,2019-07-01 00:05:00.000000
362,3233,28.192106,83.971758,2019-07-01 00:05:12.000000
363,3233,28.210696,83.986804,2019-07-01 00:05:29.000000
364,3233,28.223893,83.991033,2019-07-01 00:05:39.000000
365,3233,28.231804,83.990951,2019-07-01 00:06:01.000000
366,3233,28.231804,83.990951,2019-07-01 00:06:38.000000
367,3233,28.237854,83.984712,2019-07-01 00:06:44.000000
368,3233,28.237854,83.984712,2019-07-01 00:06:59.000000
369,3233,28.237854,83.984712,2019-07-01 00:07:23.000000
370,3233,28.237854,83.984712,2019-07-01 00:07:31.000000
371,3233,28.237854,83.984712,2019-07-01 00:07:44.000000
372,3233,28.237854,83.984712,2019-07-01 00:07:49.000000
373,3233,28.238052000000003,83.98448499999998,2019-07-01 00:08:05.000000
374,3233,28.238052000000003,83.98448499999998,2019-07-01 00:08:07.000000
375,3233,28.233704,83.982935,2019-07-01 00:08:11.000000
376,3233,28.223205,83.9789,2019-07-01 00:08:21.000000
377,3233,28.213976,83.975486,2019-07-01 00:08:33.000000
378,3233,28.213877,83.971275,2019-07-01 00:08:45.000000
379,3233,28.21348,83.967751,2019-07-01 00:08:59.000000
380,3233,28.213565000000006,83.96328199999998,2019-07-01 00:09:21.000000
381,3233,28.212733,83.961646,2019-07-01 00:09:25.000000
382,3233,28.212733,83.961646,2019-07-01 00:09:29.000000
383,3233,28.212733,83.961646,2019-07-01 00:09:33.000000
384,3233,28.214585,83.956257,2019-07-01 00:09:55.000000
385,3233,28.214585,83.956257,2019-07-01 00:09:59.000000
386,3233,28.214585,83.956257,2019-07-01 00:10:22.000000
387,3233,28.214585,83.956257,2019-07-01 00:10:25.000000
388,3233,28.214585,83.956257,2019-07-01 00:10:29.000000
389,3233,28.219487,83.958301,2019-07-01 00:10:34.000000
390,3233,28.221902000000004,83.955066,2019-07-01 00:10:39.000000
391,3233,28.224384000000004,83.950598,2019-07-01 00:10:43.000000
392,3233,28.200666,83.943834,2019-07-01 00:10:55.000000
393,3233,28.224384000000004,83.950598,2019-07-01 00:10:55.000000
394,4545,28.201568,83.969564,2019-07-01 00:02:30.000000
395,4545,28.201569,83.969478,2019-01-07 00:02:35.833333
396,4545,28.201445,83.969154,2019-01-07 00:02:41.666666
397,4545,28.201379,83.968583,2019-01-07 00:02:47.499999
398,4545,28.201361,83.967882,2019-01-07 00:02:53.333333
399,4545,28.201378,83.967804,2019-01-07 00:02:59.166666
400,4545,28.201628000000003,83.969565,2019-07-01 00:02:30.000000
401,4545,28.201415,83.967728,2019-07-01 00:03:05.000000
402,4545,28.201695,83.967464,2019-01-07 00:03:21.333333
403,4545,28.202212,83.967033,2019-01-07 00:03:37.666666
404,4545,28.202594,83.96678,2019-01-07 00:03:53.999999
405,4545,28.202828,83.966691,2019-01-07 00:04:10.333333
406,4545,28.202938,83.966642,2019-01-07 00:04:26.666666
407,4545,28.201328000000004,83.967702,2019-07-01 00:03:05.000000
408,4545,28.203084,83.966528,2019-07-01 00:04:43.000000
409,4545,28.203788,83.965719,2019-01-07 00:04:52.800000
410,4545,28.203889,83.965599,2019-01-07 00:05:02.600000
411,4545,28.204102,83.965288,2019-01-07 00:05:12.400000
412,4545,28.204156,83.965157,2019-01-07 00:05:22.200000
413,4545,28.203124,83.966503,2019-07-01 00:04:43.000000
414,4545,28.204207,83.965001,2019-07-01 00:05:32.000000
415,4545,28.204313,83.964539,2019-01-07 00:05:36.000000
416,4545,28.204367,83.964131,2019-01-07 00:05:40.000000
417,4545,28.204361,83.963904,2019-01-07 00:05:44.000000
418,4545,28.204191,83.96494100000002,2019-07-01 00:05:32.000000
419,4545,28.204623,83.963894,2019-07-01 00:05:48.000000
420,4545,28.204977,83.96393,2019-01-07 00:05:50.333333
421,4545,28.205963,83.964465,2019-01-07 00:05:52.666666
422,4545,28.206044,83.964555,2019-01-07 00:05:54.999999
423,4545,28.206155,83.964808,2019-01-07 00:05:57.333333
424,4545,28.206348,83.965006,2019-01-07 00:05:59.666666
425,4545,28.206443,83.965167,2019-01-07 00:06:01.999999
426,4545,28.20662,83.965278,2019-01-07 00:06:04.333333
427,4545,28.20687,83.965326,2019-01-07 00:06:06.666666
428,4545,28.204673,83.963927,2019-07-01 00:05:48.000000
429,4545,28.207016,83.965287,2019-07-01 00:06:09.000000
430,4545,28.207097,83.965264,2019-01-07 00:06:09.538461
431,4545,28.207277,83.965245,2019-01-07 00:06:10.076923
432,4545,28.207338,83.965225,2019-01-07 00:06:10.615384
433,4545,28.207404,83.965179,2019-01-07 00:06:11.153846
434,4545,28.207828,83.964588,2019-01-07 00:06:11.692307
435,4545,28.208179,83.964276,2019-01-07 00:06:12.230769
436,4545,28.208288,83.964156,2019-01-07 00:06:12.769230
437,4545,28.208915,83.963419,2019-01-07 00:06:13.307692
438,4545,28.209233,83.962975,2019-01-07 00:06:13.846153
439,4545,28.209622,83.962237,2019-01-07 00:06:14.384615
440,4545,28.209595,83.962045,2019-01-07 00:06:14.923076
441,4545,28.209671,83.961745,2019-01-07 00:06:15.461538
442,4545,28.209704,83.961674,2019-01-07 00:06:15.999999
443,4545,28.209761,83.961425,2019-01-07 00:06:16.538461
444,4545,28.209759,83.961301,2019-01-07 00:06:17.076923
445,4545,28.209808,83.960993,2019-01-07 00:06:17.615384
446,4545,28.209801,83.960778,2019-01-07 00:06:18.153846
447,4545,28.209687,83.960517,2019-01-07 00:06:18.692307
448,4545,28.209676,83.960328,2019-01-07 00:06:19.230769
449,4545,28.209708,83.95998,2019-01-07 00:06:19.769230
450,4545,28.209187,83.959899,2019-01-07 00:06:20.307692
451,4545,28.209037,83.959857,2019-01-07 00:06:20.846153
452,4545,28.208744,83.959714,2019-01-07 00:06:21.384615
453,4545,28.2083,83.95958,2019-01-07 00:06:21.923076
454,4545,28.208173,83.959498,2019-01-07 00:06:22.461538
455,4545,28.206959,83.965343,2019-07-01 00:06:09.000000
456,4545,28.208522,83.958434,2019-07-01 00:06:23.000000
457,4545,28.208463,83.958044,2019-01-07 00:06:26.357142
458,4545,28.208457,83.957701,2019-01-07 00:06:29.714285
459,4545,28.20833,83.957464,2019-01-07 00:06:33.071428
460,4545,28.209593,83.957062,2019-01-07 00:06:36.428571
461,4545,28.209912,83.95701,2019-01-07 00:06:39.785714
462,4545,28.210483,83.957086,2019-01-07 00:06:43.142857
463,4545,28.21058,83.957062,2019-01-07 00:06:46.499999
464,4545,28.210765,83.957077,2019-01-07 00:06:49.857142
465,4545,28.21086,83.957111,2019-01-07 00:06:53.214285
466,4545,28.21094,83.957179,2019-01-07 00:06:56.571428
467,4545,28.211707,83.957191,2019-01-07 00:06:59.928571
468,4545,28.211826,83.957109,2019-01-07 00:07:03.285714
469,4545,28.212027,83.957115,2019-01-07 00:07:06.642857
470,4545,28.208432,83.95831,2019-07-01 00:06:23.000000
471,4545,28.212168,83.957167,2019-07-01 00:07:10.000000
472,4545,28.212543,83.957159,2019-01-07 00:07:11.050000
473,4545,28.212735,83.957173,2019-01-07 00:07:12.100000
474,4545,28.213154,83.95729,2019-01-07 00:07:13.150000
475,4545,28.21472,83.958109,2019-01-07 00:07:14.200000
476,4545,28.215695,83.958541,2019-01-07 00:07:15.250000
477,4545,28.215985,83.958618,2019-01-07 00:07:16.300000
478,4545,28.216844,83.958711,2019-01-07 00:07:17.350000
479,4545,28.217286,83.95889,2019-01-07 00:07:18.400000
480,4545,28.217644,83.958969,2019-01-07 00:07:19.450000
481,4545,28.218002,83.958916,2019-01-07 00:07:20.500000
482,4545,28.218532,83.958801,2019-01-07 00:07:21.550000
483,4545,28.218721,83.958731,2019-01-07 00:07:22.600000
484,4545,28.218772,83.958691,2019-01-07 00:07:23.650000
485,4545,28.218957,83.958475,2019-01-07 00:07:24.700000
486,4545,28.219093,83.958384,2019-01-07 00:07:25.750000
487,4545,28.219516,83.95826,2019-01-07 00:07:26.800000
488,4545,28.219662,83.958163,2019-01-07 00:07:27.850000
489,4545,28.220004,83.957785,2019-01-07 00:07:28.900000
490,4545,28.220066,83.957734,2019-01-07 00:07:29.950000
491,4545,28.212256,83.957178,2019-07-01 00:07:10.000000
492,4545,28.22021,83.957662,2019-07-01 00:07:31.000000
493,4545,28.220603,83.957594,2019-01-07 00:07:31.583333
494,4545,28.220754,83.957532,2019-01-07 00:07:32.166666
495,4545,28.220859,83.957411,2019-01-07 00:07:32.749999
496,4545,28.220921,83.957303,2019-01-07 00:07:33.333333
497,4545,28.220989,83.957137,2019-01-07 00:07:33.916666
498,4545,28.221018,83.956967,2019-01-07 00:07:34.499999
499,4545,28.221027,83.956592,2019-01-07 00:07:35.083333
500,4545,28.221064,83.956429,2019-01-07 00:07:35.666666
501,4545,28.221187,83.956198,2019-01-07 00:07:36.249999
502,4545,28.221405,83.955973,2019-01-07 00:07:36.833333
503,4545,28.221715,83.955745,2019-01-07 00:07:37.416666
504,4545,28.221969,83.955599,2019-01-07 00:07:37.999999
505,4545,28.222007,83.955521,2019-01-07 00:07:38.583333
506,4545,28.222027,83.955405,2019-01-07 00:07:39.166666
507,4545,28.221997,83.955262,2019-01-07 00:07:39.749999
508,4545,28.221782,83.95481,2019-01-07 00:07:40.333333
509,4545,28.221686,83.954717,2019-01-07 00:07:40.916666
510,4545,28.221296,83.954603,2019-01-07 00:07:41.499999
511,4545,28.220848,83.954131,2019-01-07 00:07:42.083333
512,4545,28.220788,83.95405,2019-01-07 00:07:42.666666
513,4545,28.220762,83.953959,2019-01-07 00:07:43.249999
514,4545,28.220787,83.953811,2019-01-07 00:07:43.833333
515,4545,28.220962,83.953559,2019-01-07 00:07:44.416666
516,4545,28.221024,83.953509,2019-01-07 00:07:44.999999
517,4545,28.22135,83.953347,2019-01-07 00:07:45.583333
518,4545,28.221495,83.95318,2019-01-07 00:07:46.166666
519,4545,28.221582,83.953048,2019-01-07 00:07:46.749999
520,4545,28.221603,83.952997,2019-01-07 00:07:47.333333
521,4545,28.221616,83.952884,2019-01-07 00:07:47.916666
522,4545,28.221596,83.952538,2019-01-07 00:07:48.499999
523,4545,28.221632,83.952436,2019-01-07 00:07:49.083333
524,4545,28.221677,83.952397,2019-01-07 00:07:49.666666
525,4545,28.221744,83.952418,2019-01-07 00:07:50.249999
526,4545,28.221918,83.952599,2019-01-07 00:07:50.833333
527,4545,28.222088,83.952721,2019-01-07 00:07:51.416666
528,4545,28.220211,83.957698,2019-07-01 00:07:31.000000
529,4545,28.222712,83.952983,2019-07-01 00:07:52.000000
530,4545,28.222928,83.95299,2019-01-07 00:07:52.418604
531,4545,28.223172,83.952991,2019-01-07 00:07:52.837209
532,4545,28.223242,83.952969,2019-01-07 00:07:53.255813
533,4545,28.223323,83.952909,2019-01-07 00:07:53.674418
534,4545,28.223416,83.952793,2019-01-07 00:07:54.093023
535,4545,28.223595,83.952518,2019-01-07 00:07:54.511627
536,4545,28.223944,83.951875,2019-01-07 00:07:54.930232
537,4545,28.224416,83.951186,2019-01-07 00:07:55.348837
538,4545,28.224456,83.951102,2019-01-07 00:07:55.767441
539,4545,28.224474,83.950997,2019-01-07 00:07:56.186046
540,4545,28.224506,83.950516,2019-01-07 00:07:56.604651
541,4545,28.224446,83.950528,2019-01-07 00:07:57.023255
542,4545,28.224331,83.950363,2019-01-07 00:07:57.441860
543,4545,28.224256,83.950223,2019-01-07 00:07:57.860465
544,4545,28.224233,83.950066,2019-01-07 00:07:58.279069
545,4545,28.224248,83.949957,2019-01-07 00:07:58.697674
546,4545,28.224277,83.949873,2019-01-07 00:07:59.116279
547,4545,28.224418,83.949632,2019-01-07 00:07:59.534883
548,4545,28.22465,83.949289,2019-01-07 00:07:59.953488
549,4545,28.224765,83.949146,2019-01-07 00:08:00.372093
550,4545,28.225086,83.948844,2019-01-07 00:08:00.790697
551,4545,28.22518,83.948722,2019-01-07 00:08:01.209302
552,4545,28.225222,83.948632,2019-01-07 00:08:01.627906
553,4545,28.225252,83.948503,2019-01-07 00:08:02.046511
554,4545,28.225253,83.948339,2019-01-07 00:08:02.465116
555,4545,28.225211,83.948209,2019-01-07 00:08:02.883720
556,4545,28.225141,83.948115,2019-01-07 00:08:03.302325
557,4545,28.22506,83.948059,2019-01-07 00:08:03.720930
558,4545,28.224959,83.948021,2019-01-07 00:08:04.139534
559,4545,28.224511,83.947938,2019-01-07 00:08:04.558139
560,4545,28.224385,83.947931,2019-01-07 00:08:04.976744
561,4545,28.22415,83.947964,2019-01-07 00:08:05.395348
562,4545,28.224049,83.947905,2019-01-07 00:08:05.813953
563,4545,28.223836,83.947453,2019-01-07 00:08:06.232558
564,4545,28.223795,83.947323,2019-01-07 00:08:06.651162
565,4545,28.223757,83.946915,2019-01-07 00:08:07.069767
566,4545,28.223569,83.946309,2019-01-07 00:08:07.488372
567,4545,28.223437,83.945955,2019-01-07 00:08:07.906976
568,4545,28.223408,83.945821,2019-01-07 00:08:08.325581
569,4545,28.223438,83.94571,2019-01-07 00:08:08.744186
570,4545,28.223515,83.945648,2019-01-07 00:08:09.162790
571,4545,28.223606,83.945644,2019-01-07 00:08:09.581395
572,4545,28.222487,83.95285600000003,2019-07-01 00:07:52.000000
573,4545,28.223937,83.945757,2019-07-01 00:08:10.000000
574,4545,28.22423,83.945823,2019-01-07 00:08:12.947368
575,4545,28.22461,83.94583,2019-01-07 00:08:15.894736
576,4545,28.224876,83.94589,2019-01-07 00:08:18.842105
577,4545,28.225098,83.94597,2019-01-07 00:08:21.789473
578,4545,28.225261,83.945982,2019-01-07 00:08:24.736842
579,4545,28.225382,83.945925,2019-01-07 00:08:27.684210
580,4545,28.225435,83.945882,2019-01-07 00:08:30.631578
581,4545,28.22553,83.945727,2019-01-07 00:08:33.578947
582,4545,28.225571,83.945574,2019-01-07 00:08:36.526315
583,4545,28.225644,83.944994,2019-01-07 00:08:39.473684
584,4545,28.225822,83.944561,2019-01-07 00:08:42.421052
585,4545,28.225938,83.944161,2019-01-07 00:08:45.368421
586,4545,28.225984,83.944045,2019-01-07 00:08:48.315789
587,4545,28.226058,83.943924,2019-01-07 00:08:51.263157
588,4545,28.226933,83.943235,2019-01-07 00:08:54.210526
589,4545,28.22718,83.943025,2019-01-07 00:08:57.157894
590,4545,28.227256,83.942916,2019-01-07 00:09:00.105263
591,4545,28.227304,83.942522,2019-01-07 00:09:03.052631
592,4545,28.224061,83.945796,2019-07-01 00:08:10.000000
593,4545,28.227278,83.942304,2019-07-01 00:09:06.000000
594,4545,28.22701,83.941674,2019-01-07 00:09:06.584615
595,4545,28.226946,83.941472,2019-01-07 00:09:07.169230
596,4545,28.226909,83.941146,2019-01-07 00:09:07.753846
597,4545,28.226911,83.940895,2019-01-07 00:09:08.338461
598,4545,28.226953,83.94068,2019-01-07 00:09:08.923076
599,4545,28.227125,83.940336,2019-01-07 00:09:09.507692
600,4545,28.227491,83.939768,2019-01-07 00:09:10.092307
601,4545,28.227644,83.939499,2019-01-07 00:09:10.676923
602,4545,28.227741,83.939291,2019-01-07 00:09:11.261538
603,4545,28.227848,83.939119,2019-01-07 00:09:11.846153
604,4545,28.228028,83.938894,2019-01-07 00:09:12.430769
605,4545,28.228051,83.938827,2019-01-07 00:09:13.015384
606,4545,28.228084,83.93825,2019-01-07 00:09:13.599999
607,4545,28.228062,83.938046,2019-01-07 00:09:14.184615
608,4545,28.228053,83.937681,2019-01-07 00:09:14.769230
609,4545,28.22808,83.937534,2019-01-07 00:09:15.353846
610,4545,28.228082,83.937383,2019-01-07 00:09:15.938461
611,4545,28.228029,83.936899,2019-01-07 00:09:16.523076
612,4545,28.227954,83.936702,2019-01-07 00:09:17.107692
613,4545,28.227935,83.93661,2019-01-07 00:09:17.692307
614,4545,28.227918,83.936379,2019-01-07 00:09:18.276923
615,4545,28.227855,83.936044,2019-01-07 00:09:18.861538
616,4545,28.227848,83.935884,2019-01-07 00:09:19.446153
617,4545,28.227887,83.935599,2019-01-07 00:09:20.030769
618,4545,28.227875,83.935497,2019-01-07 00:09:20.615384
619,4545,28.227815,83.935332,2019-01-07 00:09:21.199999
620,4545,28.227808,83.935249,2019-01-07 00:09:21.784615
621,4545,28.227855,83.934906,2019-01-07 00:09:22.369230
622,4545,28.227858,83.934611,2019-01-07 00:09:22.953846
623,4545,28.227823,83.934437,2019-01-07 00:09:23.538461
624,4545,28.227756,83.934252,2019-01-07 00:09:24.123076
625,4545,28.227777,83.934169,2019-01-07 00:09:24.707692
626,4545,28.227954,83.933888,2019-01-07 00:09:25.292307
627,4545,28.227999,83.933786,2019-01-07 00:09:25.876923
628,4545,28.228034,83.933408,2019-01-07 00:09:26.461538
629,4545,28.22816,83.93298,2019-01-07 00:09:27.046153
630,4545,28.228195,83.932658,2019-01-07 00:09:27.630769
631,4545,28.228232,83.932601,2019-01-07 00:09:28.215384
632,4545,28.228385,83.93254,2019-01-07 00:09:28.799999
633,4545,28.228798,83.932447,2019-01-07 00:09:29.384615
634,4545,28.229212,83.932204,2019-01-07 00:09:29.969230
635,4545,28.229794,83.932054,2019-01-07 00:09:30.553846
636,4545,28.229907,83.931999,2019-01-07 00:09:31.138461
637,4545,28.229992,83.931978,2019-01-07 00:09:31.723076
638,4545,28.230253,83.931963,2019-01-07 00:09:32.307692
639,4545,28.230466,83.931916,2019-01-07 00:09:32.892307
640,4545,28.2306,83.931929,2019-01-07 00:09:33.476923
641,4545,28.230692,83.931963,2019-01-07 00:09:34.061538
642,4545,28.230828,83.932064,2019-01-07 00:09:34.646153
643,4545,28.23101,83.932141,2019-01-07 00:09:35.230769
644,4545,28.231187,83.932166,2019-01-07 00:09:35.815384
645,4545,28.231374,83.932101,2019-01-07 00:09:36.399999
646,4545,28.231768,83.931752,2019-01-07 00:09:36.984615
647,4545,28.232008,83.931613,2019-01-07 00:09:37.569230
648,4545,28.232082,83.931545,2019-01-07 00:09:38.153846
649,4545,28.23238,83.931033,2019-01-07 00:09:38.738461
650,4545,28.232628,83.930688,2019-01-07 00:09:39.323076
651,4545,28.232947,83.930396,2019-01-07 00:09:39.907692
652,4545,28.233243,83.929973,2019-01-07 00:09:40.492307
653,4545,28.233295,83.929871,2019-01-07 00:09:41.076923
654,4545,28.233314,83.929769,2019-01-07 00:09:41.661538
655,4545,28.233319,83.927194,2019-01-07 00:09:42.246153
656,4545,28.233277,83.926101,2019-01-07 00:09:42.830769
657,4545,28.23328,83.924493,2019-01-07 00:09:43.415384
658,4545,28.227393,83.942111,2019-07-01 00:09:06.000000
659,4545,28.233066,83.923615,2019-07-01 00:09:25.000000
660,4545,28.233187,83.923329,2019-07-01 00:09:44.000000
661,4545,28.233108,83.92289,2019-01-07 00:09:44.505747
662,4545,28.23304,83.92281,2019-01-07 00:09:45.011494
663,4545,28.232925,83.922763,2019-01-07 00:09:45.517241
664,4545,28.232559,83.922704,2019-01-07 00:09:46.022988
665,4545,28.232432,83.922625,2019-01-07 00:09:46.528735
666,4545,28.232351,83.922555,2019-01-07 00:09:47.034482
667,4545,28.232286,83.922349,2019-01-07 00:09:47.540229
668,4545,28.232302,83.922035,2019-01-07 00:09:48.045977
669,4545,28.232266,83.921906,2019-01-07 00:09:48.551724
670,4545,28.232007,83.921537,2019-01-07 00:09:49.057471
671,4545,28.231756,83.920963,2019-01-07 00:09:49.563218
672,4545,28.231774,83.9206,2019-01-07 00:09:50.068965
673,4545,28.231769,83.920392,2019-01-07 00:09:50.574712
674,4545,28.231688,83.920004,2019-01-07 00:09:51.080459
675,4545,28.231618,83.919795,2019-01-07 00:09:51.586206
676,4545,28.231609,83.919615,2019-01-07 00:09:52.091954
677,4545,28.231644,83.919488,2019-01-07 00:09:52.597701
678,4545,28.231737,83.919286,2019-01-07 00:09:53.103448
679,4545,28.231849,83.918933,2019-01-07 00:09:53.609195
680,4545,28.231927,83.918802,2019-01-07 00:09:54.114942
681,4545,28.23206,83.918687,2019-01-07 00:09:54.620689
682,4545,28.232205,83.918593,2019-01-07 00:09:55.126436
683,4545,28.232418,83.918549,2019-01-07 00:09:55.632183
684,4545,28.23252,83.918495,2019-01-07 00:09:56.137931
685,4545,28.232623,83.918373,2019-01-07 00:09:56.643678
686,4545,28.232708,83.918199,2019-01-07 00:09:57.149425
687,4545,28.232719,83.91812,2019-01-07 00:09:57.655172
688,4545,28.23271,83.91789,2019-01-07 00:09:58.160919
689,4545,28.232947,83.917306,2019-01-07 00:09:58.666666
690,4545,28.233169,83.917188,2019-01-07 00:09:59.172413
691,4545,28.233401,83.917178,2019-01-07 00:09:59.678160
692,4545,28.23361,83.917269,2019-01-07 00:10:00.183908
693,4545,28.233748,83.91719,2019-01-07 00:10:00.689655
694,4545,28.234107,83.916786,2019-01-07 00:10:01.195402
695,4545,28.234158,83.916674,2019-01-07 00:10:01.701149
696,4545,28.234208,83.91639,2019-01-07 00:10:02.206896
697,4545,28.234287,83.916102,2019-01-07 00:10:02.712643
698,4545,28.234304,83.915945,2019-01-07 00:10:03.218390
699,4545,28.23425,83.915805,2019-01-07 00:10:03.724137
700,4545,28.234177,83.91569,2019-01-07 00:10:04.229885
701,4545,28.234158,83.915556,2019-01-07 00:10:04.735632
702,4545,28.234248,83.915324,2019-01-07 00:10:05.241379
703,4545,28.23434,83.914946,2019-01-07 00:10:05.747126
704,4545,28.234699,83.914164,2019-01-07 00:10:06.252873
705,4545,28.234784,83.913896,2019-01-07 00:10:06.758620
706,4545,28.234834,83.913681,2019-01-07 00:10:07.264367
707,4545,28.234915,83.913162,2019-01-07 00:10:07.770114
708,4545,28.234992,83.912984,2019-01-07 00:10:08.275862
709,4545,28.235068,83.912699,2019-01-07 00:10:08.781609
710,4545,28.235105,83.912399,2019-01-07 00:10:09.287356
711,4545,28.235228,83.91175,2019-01-07 00:10:09.793103
712,4545,28.235311,83.911105,2019-01-07 00:10:10.298850
713,4545,28.235456,83.910394,2019-01-07 00:10:10.804597
714,4545,28.235836,83.909514,2019-01-07 00:10:11.310344
715,4545,28.23583,83.90945,2019-01-07 00:10:11.816091
716,4545,28.236217,83.909523,2019-01-07 00:10:12.321839
717,4545,28.236366,83.909695,2019-01-07 00:10:12.827586
718,4545,28.236583,83.909884,2019-01-07 00:10:13.333333
719,4545,28.236831,83.910009,2019-01-07 00:10:13.839080
720,4545,28.237362,83.910223,2019-01-07 00:10:14.344827
721,4545,28.238334,83.910649,2019-01-07 00:10:14.850574
722,4545,28.239143,83.910901,2019-01-07 00:10:15.356321
723,4545,28.239388,83.910938,2019-01-07 00:10:15.862068
724,4545,28.239584,83.910988,2019-01-07 00:10:16.367816
725,4545,28.239613,83.910883,2019-01-07 00:10:16.873563
726,4545,28.239939,83.910044,2019-01-07 00:10:17.379310
727,4545,28.240183,83.909657,2019-01-07 00:10:17.885057
728,4545,28.240143,83.909629,2019-01-07 00:10:18.390804
729,4545,28.240066,83.909526,2019-01-07 00:10:18.896551
730,4545,28.239928,83.909412,2019-01-07 00:10:19.402298
731,4545,28.239827,83.909305,2019-01-07 00:10:19.908045
732,4545,28.239561,83.908974,2019-01-07 00:10:20.413793
733,4545,28.239452,83.908768,2019-01-07 00:10:20.919540
734,4545,28.239388,83.908609,2019-01-07 00:10:21.425287
735,4545,28.23917,83.908408,2019-01-07 00:10:21.931034
736,4545,28.23903,83.90839,2019-01-07 00:10:22.436781
737,4545,28.238918,83.908398,2019-01-07 00:10:22.942528
738,4545,28.238776,83.908285,2019-01-07 00:10:23.448275
739,4545,28.23863,83.908143,2019-01-07 00:10:23.954022
740,4545,28.238566,83.90803,2019-01-07 00:10:24.459770
741,4545,28.238422,83.907915,2019-01-07 00:10:24.965517
742,4545,28.23837,83.907845,2019-01-07 00:10:25.471264
743,4545,28.23833,83.907679,2019-01-07 00:10:25.977011
744,4545,28.238157,83.90744,2019-01-07 00:10:26.482758
745,4545,28.238072,83.907389,2019-01-07 00:10:26.988505
746,4545,28.237905,83.907473,2019-01-07 00:10:27.494252
747,4545,28.233066,83.923615,2019-07-01 00:09:44.000000
748,4545,28.237062,83.907994,2019-07-01 00:10:28.000000
749,4545,28.237905,83.907473,2019-01-07 00:11:08.500000
750,4545,28.237249,83.90799100000002,2019-07-01 00:10:28.000000
751,4545,28.246288,83.889543,2019-07-01 00:10:47.000000
752,4545,28.247074,83.88288299999998,2019-07-01 00:11:02.000000
753,4545,28.238072,83.907389,2019-07-01 00:11:49.000000
754,4545,28.247074,83.88288299999998,2019-07-01 00:11:49.000000
